<?xml version="1.0" encoding="utf-8" standalone="yes"?>
<rss version="2.0" xmlns:atom="http://www.w3.org/2005/Atom">
  <channel>
    <title>Vex | hugo landing page template</title>
    <link>http://localhost:1313/vex/examplesite/</link>
    <description>Recent content on Vex | hugo landing page template</description>
    <generator>Hugo</generator>
    <language>en-us</language>
    <lastBuildDate>Thu, 17 Oct 2019 11:22:16 +0600</lastBuildDate>
    <atom:link href="http://localhost:1313/vex/examplesite/index.xml" rel="self" type="application/rss+xml" />
    <item>
      <title>Apple Watch</title>
      <link>http://localhost:1313/vex/examplesite/products/product-1/</link>
      <pubDate>Thu, 17 Oct 2019 11:22:16 +0600</pubDate>
      <guid>http://localhost:1313/vex/examplesite/products/product-1/</guid>
      <description>&lt;p&gt;Apple Watch is a line of smartwatches produced by Apple Inc. It incorporates fitness tracking and health-oriented capabilities with integration with iOS and other Apple products and services.&lt;/p&gt;</description>
    </item>
    <item>
      <title>Best Watch Strap In Your Budget</title>
      <link>http://localhost:1313/vex/examplesite/blog/post-3/</link>
      <pubDate>Thu, 17 Oct 2019 11:22:16 +0600</pubDate>
      <guid>http://localhost:1313/vex/examplesite/blog/post-3/</guid>
      <description>&lt;p&gt;Lorem ipsum dolor sit amet, consectetur adipiscing elit, sed do eiusmod tempor incididunt ut labore et dolore magna aliqua.&lt;/p&gt;&#xA;&lt;p&gt;Lorem ipsum dolor sit amet, consectetur adipiscing elit, sed do eiusmod tempor incididunt ut labore et dolore magna aliqua. Ut enim ad minim veniam, quis nostrud exercitation ullamco laboris nisi ut aliquip ex ea commodo consequat. Duis aute irure dolor in reprehenderit in voluptate velit esse cillum dolore eu fugiat nulla pariatur. Excepteur sint occaecat cupidatat non proident, sunt in culpa qui officia deserunt mollit anim id est laborum&lt;/p&gt;</description>
    </item>
    <item>
      <title>Galaxy Watch</title>
      <link>http://localhost:1313/vex/examplesite/products/product-2/</link>
      <pubDate>Thu, 17 Oct 2019 11:22:16 +0600</pubDate>
      <guid>http://localhost:1313/vex/examplesite/products/product-2/</guid>
      <description>&lt;p&gt;Apple Watch is a line of smartwatches produced by Apple Inc. It incorporates fitness tracking and health-oriented capabilities with integration with iOS and other Apple products and services.&lt;/p&gt;</description>
    </item>
    <item>
      <title>How to choose right watch for you.</title>
      <link>http://localhost:1313/vex/examplesite/blog/post-1/</link>
      <pubDate>Thu, 17 Oct 2019 11:22:16 +0600</pubDate>
      <guid>http://localhost:1313/vex/examplesite/blog/post-1/</guid>
      <description>&lt;p&gt;Lorem ipsum dolor sit amet, consectetur adipiscing elit, sed do eiusmod tempor incididunt ut labore et dolore magna aliqua.&lt;/p&gt;&#xA;&lt;p&gt;Lorem ipsum dolor sit amet, consectetur adipiscing elit, sed do eiusmod tempor incididunt ut labore et dolore magna aliqua. Ut enim ad minim veniam, quis nostrud exercitation ullamco laboris nisi ut aliquip ex ea commodo consequat. Duis aute irure dolor in reprehenderit in voluptate velit esse cillum dolore eu fugiat nulla pariatur. Excepteur sint occaecat cupidatat non proident, sunt in culpa qui officia deserunt mollit anim id est laborum&lt;/p&gt;</description>
    </item>
    <item>
      <title>Motorola Watch</title>
      <link>http://localhost:1313/vex/examplesite/products/product-4/</link>
      <pubDate>Thu, 17 Oct 2019 11:22:16 +0600</pubDate>
      <guid>http://localhost:1313/vex/examplesite/products/product-4/</guid>
      <description>&lt;p&gt;Apple Watch is a line of smartwatches produced by Apple Inc. It incorporates fitness tracking and health-oriented capabilities with integration with iOS and other Apple products and services.&lt;/p&gt;</description>
    </item>
    <item>
      <title>OnePlus Watch</title>
      <link>http://localhost:1313/vex/examplesite/products/product-7/</link>
      <pubDate>Thu, 17 Oct 2019 11:22:16 +0600</pubDate>
      <guid>http://localhost:1313/vex/examplesite/products/product-7/</guid>
      <description>&lt;p&gt;Apple Watch is a line of smartwatches produced by Apple Inc. It incorporates fitness tracking and health-oriented capabilities with integration with iOS and other Apple products and services.&lt;/p&gt;</description>
    </item>
    <item>
      <title>Oppo Watch</title>
      <link>http://localhost:1313/vex/examplesite/products/product-8/</link>
      <pubDate>Thu, 17 Oct 2019 11:22:16 +0600</pubDate>
      <guid>http://localhost:1313/vex/examplesite/products/product-8/</guid>
      <description>&lt;p&gt;Apple Watch is a line of smartwatches produced by Apple Inc. It incorporates fitness tracking and health-oriented capabilities with integration with iOS and other Apple products and services.&lt;/p&gt;</description>
    </item>
    <item>
      <title>Realme Watch</title>
      <link>http://localhost:1313/vex/examplesite/products/product-6/</link>
      <pubDate>Thu, 17 Oct 2019 11:22:16 +0600</pubDate>
      <guid>http://localhost:1313/vex/examplesite/products/product-6/</guid>
      <description>&lt;p&gt;Apple Watch is a line of smartwatches produced by Apple Inc. It incorporates fitness tracking and health-oriented capabilities with integration with iOS and other Apple products and services.&lt;/p&gt;</description>
    </item>
    <item>
      <title>Redmi Watch</title>
      <link>http://localhost:1313/vex/examplesite/products/product-5/</link>
      <pubDate>Thu, 17 Oct 2019 11:22:16 +0600</pubDate>
      <guid>http://localhost:1313/vex/examplesite/products/product-5/</guid>
      <description>&lt;p&gt;Apple Watch is a line of smartwatches produced by Apple Inc. It incorporates fitness tracking and health-oriented capabilities with integration with iOS and other Apple products and services.&lt;/p&gt;</description>
    </item>
    <item>
      <title>Watch That Matters</title>
      <link>http://localhost:1313/vex/examplesite/blog/post-4/</link>
      <pubDate>Thu, 17 Oct 2019 11:22:16 +0600</pubDate>
      <guid>http://localhost:1313/vex/examplesite/blog/post-4/</guid>
      <description>&lt;p&gt;Lorem ipsum dolor sit amet, consectetur adipiscing elit, sed do eiusmod tempor incididunt ut labore et dolore magna aliqua.&lt;/p&gt;&#xA;&lt;p&gt;Lorem ipsum dolor sit amet, consectetur adipiscing elit, sed do eiusmod tempor incididunt ut labore et dolore magna aliqua. Ut enim ad minim veniam, quis nostrud exercitation ullamco laboris nisi ut aliquip ex ea commodo consequat. Duis aute irure dolor in reprehenderit in voluptate velit esse cillum dolore eu fugiat nulla pariatur. Excepteur sint occaecat cupidatat non proident, sunt in culpa qui officia deserunt mollit anim id est laborum&lt;/p&gt;</description>
    </item>
    <item>
      <title>Why You Should Buy a Smart Watch.</title>
      <link>http://localhost:1313/vex/examplesite/blog/post-2/</link>
      <pubDate>Thu, 17 Oct 2019 11:22:16 +0600</pubDate>
      <guid>http://localhost:1313/vex/examplesite/blog/post-2/</guid>
      <description>&lt;p&gt;Lorem ipsum dolor sit amet, consectetur adipiscing elit, sed do eiusmod tempor incididunt ut labore et dolore magna aliqua.&lt;/p&gt;&#xA;&lt;p&gt;Lorem ipsum dolor sit amet, consectetur adipiscing elit, sed do eiusmod tempor incididunt ut labore et dolore magna aliqua. Ut enim ad minim veniam, quis nostrud exercitation ullamco laboris nisi ut aliquip ex ea commodo consequat. Duis aute irure dolor in reprehenderit in voluptate velit esse cillum dolore eu fugiat nulla pariatur. Excepteur sint occaecat cupidatat non proident, sunt in culpa qui officia deserunt mollit anim id est laborum&lt;/p&gt;</description>
    </item>
    <item>
      <title>Xiaomi Watch</title>
      <link>http://localhost:1313/vex/examplesite/products/product-3/</link>
      <pubDate>Thu, 17 Oct 2019 11:22:16 +0600</pubDate>
      <guid>http://localhost:1313/vex/examplesite/products/product-3/</guid>
      <description>&lt;p&gt;Apple Watch is a line of smartwatches produced by Apple Inc. It incorporates fitness tracking and health-oriented capabilities with integration with iOS and other Apple products and services.&lt;/p&gt;</description>
    </item>
  </channel>
</rss>
