<?xml version="1.0" encoding="utf-8" standalone="yes"?>
<rss version="2.0" xmlns:atom="http://www.w3.org/2005/Atom">
  <channel>
    <title>Vex | hugo landing page template</title>
    <link>http://localhost:1313/vex/examplesite/</link>
    <description>Recent content on Vex | hugo landing page template</description>
    <generator>Hugo</generator>
    <language>fr</language>
<<<<<<< HEAD
    <lastBuildDate>Sat, 12 Apr 2025 14:00:00 +0600</lastBuildDate>
    <atom:link href="http://localhost:1313/index.xml" rel="self" type="application/rss+xml" />
    <item>
      <title>Assiette en Verre Fusing Artisanale</title>
      <link>http://localhost:1313/products/product-1/</link>
      <pubDate>Sat, 12 Apr 2025 14:00:00 +0600</pubDate>
      <guid>http://localhost:1313/products/product-1/</guid>
      <description>&lt;h3 id=&#34;assiette-en-verre-fusing-artisanale&#34;&gt;&lt;strong&gt;Assiette en Verre Fusing Artisanale&lt;/strong&gt;&lt;/h3&gt;&#xA;&lt;p&gt;Ajoutez une touche élégante à votre table avec notre &lt;strong&gt;assiette en verre fusing artisanale&lt;/strong&gt;, réalisée à la main avec une technique de fusion du verre méticuleusement maîtrisée. Chaque pièce est unique, ce qui en fait une œuvre d&amp;rsquo;art en soi, idéale pour les repas spéciaux ou pour offrir en cadeau.&lt;/p&gt;</description>
    </item>
    <item>
      <title>Assiette en Verre Fusing Artisanale</title>
      <link>http://localhost:1313/products/product-2/</link>
      <pubDate>Sat, 12 Apr 2025 14:00:00 +0600</pubDate>
      <guid>http://localhost:1313/products/product-2/</guid>
      <description>&lt;h3 id=&#34;assiette-en-verre-fusing-artisanale&#34;&gt;&lt;strong&gt;Assiette en Verre Fusing Artisanale&lt;/strong&gt;&lt;/h3&gt;&#xA;&lt;p&gt;Ajoutez une touche élégante à votre table avec notre &lt;strong&gt;assiette en verre fusing artisanale&lt;/strong&gt;, réalisée à la main avec une technique de fusion du verre méticuleusement maîtrisée. Chaque pièce est unique, ce qui en fait une œuvre d&amp;rsquo;art en soi, idéale pour les repas spéciaux ou pour offrir en cadeau.&lt;/p&gt;</description>
    </item>
    <item>
      <title>Assiette en Verre Fusing Artisanale</title>
      <link>http://localhost:1313/products/product-3/</link>
      <pubDate>Sat, 12 Apr 2025 14:00:00 +0600</pubDate>
      <guid>http://localhost:1313/products/product-3/</guid>
      <description>&lt;h3 id=&#34;assiette-en-verre-fusing-artisanale&#34;&gt;&lt;strong&gt;Assiette en Verre Fusing Artisanale&lt;/strong&gt;&lt;/h3&gt;&#xA;&lt;p&gt;Ajoutez une touche élégante à votre table avec notre &lt;strong&gt;assiette en verre fusing artisanale&lt;/strong&gt;, réalisée à la main avec une technique de fusion du verre méticuleusement maîtrisée. Chaque pièce est unique, ce qui en fait une œuvre d&amp;rsquo;art en soi, idéale pour les repas spéciaux ou pour offrir en cadeau.&lt;/p&gt;</description>
    </item>
    <item>
      <title>Assiette en Verre Fusing Artisanale</title>
      <link>http://localhost:1313/products/product-4/</link>
      <pubDate>Sat, 12 Apr 2025 14:00:00 +0600</pubDate>
      <guid>http://localhost:1313/products/product-4/</guid>
      <description>&lt;h3 id=&#34;assiette-en-verre-fusing-artisanale&#34;&gt;&lt;strong&gt;Assiette en Verre Fusing Artisanale&lt;/strong&gt;&lt;/h3&gt;&#xA;&lt;p&gt;Ajoutez une touche élégante à votre table avec notre &lt;strong&gt;assiette en verre fusing artisanale&lt;/strong&gt;, réalisée à la main avec une technique de fusion du verre méticuleusement maîtrisée. Chaque pièce est unique, ce qui en fait une œuvre d&amp;rsquo;art en soi, idéale pour les repas spéciaux ou pour offrir en cadeau.&lt;/p&gt;</description>
    </item>
    <item>
      <title>Assiette en Verre Fusing Artisanale</title>
      <link>http://localhost:1313/products/product-5/</link>
      <pubDate>Sat, 12 Apr 2025 14:00:00 +0600</pubDate>
      <guid>http://localhost:1313/products/product-5/</guid>
      <description>&lt;h3 id=&#34;assiette-en-verre-fusing-artisanale&#34;&gt;&lt;strong&gt;Assiette en Verre Fusing Artisanale&lt;/strong&gt;&lt;/h3&gt;&#xA;&lt;p&gt;Ajoutez une touche élégante à votre table avec notre &lt;strong&gt;assiette en verre fusing artisanale&lt;/strong&gt;, réalisée à la main avec une technique de fusion du verre méticuleusement maîtrisée. Chaque pièce est unique, ce qui en fait une œuvre d&amp;rsquo;art en soi, idéale pour les repas spéciaux ou pour offrir en cadeau.&lt;/p&gt;</description>
    </item>
    <item>
      <title>Assiette en Verre Fusing Artisanale</title>
      <link>http://localhost:1313/products/product-6/</link>
      <pubDate>Sat, 12 Apr 2025 14:00:00 +0600</pubDate>
      <guid>http://localhost:1313/products/product-6/</guid>
      <description>&lt;h3 id=&#34;assiette-en-verre-fusing-artisanale&#34;&gt;&lt;strong&gt;Assiette en Verre Fusing Artisanale&lt;/strong&gt;&lt;/h3&gt;&#xA;&lt;p&gt;Ajoutez une touche élégante à votre table avec notre &lt;strong&gt;assiette en verre fusing artisanale&lt;/strong&gt;, réalisée à la main avec une technique de fusion du verre méticuleusement maîtrisée. Chaque pièce est unique, ce qui en fait une œuvre d&amp;rsquo;art en soi, idéale pour les repas spéciaux ou pour offrir en cadeau.&lt;/p&gt;</description>
    </item>
    <item>
      <title>Assiette en Verre Fusing Artisanale</title>
      <link>http://localhost:1313/products/product-7/</link>
      <pubDate>Sat, 12 Apr 2025 14:00:00 +0600</pubDate>
      <guid>http://localhost:1313/products/product-7/</guid>
      <description>&lt;h3 id=&#34;assiette-en-verre-fusing-artisanale&#34;&gt;&lt;strong&gt;Assiette en Verre Fusing Artisanale&lt;/strong&gt;&lt;/h3&gt;&#xA;&lt;p&gt;Ajoutez une touche élégante à votre table avec notre &lt;strong&gt;assiette en verre fusing artisanale&lt;/strong&gt;, réalisée à la main avec une technique de fusion du verre méticuleusement maîtrisée. Chaque pièce est unique, ce qui en fait une œuvre d&amp;rsquo;art en soi, idéale pour les repas spéciaux ou pour offrir en cadeau.&lt;/p&gt;</description>
    </item>
    <item>
      <title>Assiette en Verre Fusing Artisanale</title>
      <link>http://localhost:1313/products/product-8/</link>
      <pubDate>Sat, 12 Apr 2025 14:00:00 +0600</pubDate>
      <guid>http://localhost:1313/products/product-8/</guid>
      <description>&lt;h3 id=&#34;assiette-en-verre-fusing-artisanale&#34;&gt;&lt;strong&gt;Assiette en Verre Fusing Artisanale&lt;/strong&gt;&lt;/h3&gt;&#xA;&lt;p&gt;Ajoutez une touche élégante à votre table avec notre &lt;strong&gt;assiette en verre fusing artisanale&lt;/strong&gt;, réalisée à la main avec une technique de fusion du verre méticuleusement maîtrisée. Chaque pièce est unique, ce qui en fait une œuvre d&amp;rsquo;art en soi, idéale pour les repas spéciaux ou pour offrir en cadeau.&lt;/p&gt;</description>
    </item>
    <item>
      <title>Pourquoi Choisir des Créations en Verre Fusing : Un Investissement Durable et Unique</title>
      <link>http://localhost:1313/blog/post-3/</link>
      <pubDate>Sat, 12 Apr 2025 14:00:00 +0600</pubDate>
      <guid>http://localhost:1313/blog/post-3/</guid>
      <description>&lt;p&gt;L&amp;rsquo;achat d&amp;rsquo;objets artisanaux, comme les créations en verre fusing et verre Murano, n&amp;rsquo;est pas seulement un choix esthétique, c&amp;rsquo;est aussi un investissement durable qui peut prendre de la valeur avec le temps. Dans cet article, nous vous expliquerons pourquoi il est judicieux de privilégier ces pièces uniques et comment elles peuvent devenir des trésors de famille.&lt;/p&gt;</description>
    </item>
    <item>
      <title>Le Verre Murano : L&#39;Excellence Artisanale au Service de vos Créations en Verre</title>
      <link>http://localhost:1313/blog/post-2/</link>
      <pubDate>Sat, 12 Apr 2025 12:00:00 +0600</pubDate>
      <guid>http://localhost:1313/blog/post-2/</guid>
      <description>&lt;p&gt;Le verre Murano est l&amp;rsquo;un des matériaux les plus prisés dans le monde de l&amp;rsquo;artisanat du verre. Fabriqué à la main sur l&amp;rsquo;île de Murano, près de Venise, ce verre est reconnu pour sa transparence, sa beauté et sa durabilité exceptionnelles. Dans cet article, nous explorerons les caractéristiques uniques du verre Murano et pourquoi il est idéal pour vos créations en verre fusing.&lt;/p&gt;</description>
    </item>
    <item>
      <title>Les Assiettes en Verre Fusing : L&#39;Art de Sublimer la Table avec un Artisanat Unique</title>
      <link>http://localhost:1313/blog/post-1/</link>
      <pubDate>Sat, 12 Apr 2025 11:30:00 +0600</pubDate>
      <guid>http://localhost:1313/blog/post-1/</guid>
      <description>&lt;p&gt;Les assiettes en verre fusing sont bien plus que des simples objets utilitaires ; elles sont de véritables œuvres d&amp;rsquo;art qui apportent une touche unique à chaque table. Grâce à la technique du fusing, ces assiettes sont créées par la fusion de plusieurs morceaux de verre sous une chaleur intense, donnant ainsi naissance à des designs originaux et raffinés.&lt;/p&gt;</description>
    </item>
    <item>
      <title>Comment choisir le verre idéal pour vos créations en fusing</title>
      <link>http://localhost:1313/blog/post-4/</link>
      <pubDate>Sat, 12 Apr 2025 11:22:16 +0600</pubDate>
      <guid>http://localhost:1313/blog/post-4/</guid>
      <description>&lt;p&gt;Le fusing est une technique artisanale du verre où deux ou plusieurs morceaux de verre sont fusionnés ensemble sous haute température pour créer des formes, des couleurs et des textures uniques. Si vous êtes passionné par l&amp;rsquo;art du verre, il est crucial de comprendre les différents types de verre que vous pouvez utiliser pour obtenir les meilleurs résultats dans vos créations.&lt;/p&gt;</description>
    </item>
    <item>
<<<<<<< HEAD
=======
      <title>Apple Watch</title>
      <link>http://localhost:1313/old/products/product-1/</link>
      <pubDate>Thu, 17 Oct 2019 11:22:16 +0600</pubDate>
      <guid>http://localhost:1313/old/products/product-1/</guid>
=======
    <lastBuildDate>Thu, 17 Oct 2019 11:22:16 +0600</lastBuildDate>
    <atom:link href="http://localhost:1313/vex/examplesite/index.xml" rel="self" type="application/rss+xml" />
    <item>
      <title>Apple Watch</title>
      <link>http://localhost:1313/vex/examplesite/products/product-1/</link>
      <pubDate>Thu, 17 Oct 2019 11:22:16 +0600</pubDate>
      <guid>http://localhost:1313/vex/examplesite/products/product-1/</guid>
>>>>>>> 89d4d88 ( config tom changement tnd et logo)
      <description>&lt;p&gt;Apple Watch is a line of smartwatches produced by Apple Inc. It incorporates fitness tracking and health-oriented capabilities with integration with iOS and other Apple products and services.&lt;/p&gt;</description>
    </item>
    <item>
      <title>Comment choisir la bonne montre pour vous.</title>
<<<<<<< HEAD
      <link>http://localhost:1313/old/blog/post-1/</link>
      <pubDate>Thu, 17 Oct 2019 11:22:16 +0600</pubDate>
      <guid>http://localhost:1313/old/blog/post-1/</guid>
=======
      <link>http://localhost:1313/vex/examplesite/blog/post-1/</link>
      <pubDate>Thu, 17 Oct 2019 11:22:16 +0600</pubDate>
      <guid>http://localhost:1313/vex/examplesite/blog/post-1/</guid>
>>>>>>> 89d4d88 ( config tom changement tnd et logo)
      <description>&lt;p&gt;Lorem ipsum dolor sit amet, consectetur adipiscing elit, sed do eiusmod tempor incididunt ut labore et dolore magna aliqua.&lt;/p&gt;&#xA;&lt;p&gt;Lorem ipsum dolor sit amet, consectetur adipiscing elit, sed do eiusmod tempor incididunt ut labore et dolore magna aliqua. Ut enim ad minim veniam, quis nostrud exercitation ullamco laboris nisi ut aliquip ex ea commodo consequat. Duis aute irure dolor in reprehenderit in voluptate velit esse cillum dolore eu fugiat nulla pariatur. Excepteur sint occaecat cupidatat non proident, sunt in culpa qui officia deserunt mollit anim id est laborum&lt;/p&gt;</description>
    </item>
    <item>
      <title>Galaxy Watch</title>
<<<<<<< HEAD
      <link>http://localhost:1313/old/products/product-2/</link>
      <pubDate>Thu, 17 Oct 2019 11:22:16 +0600</pubDate>
      <guid>http://localhost:1313/old/products/product-2/</guid>
=======
      <link>http://localhost:1313/vex/examplesite/products/product-2/</link>
      <pubDate>Thu, 17 Oct 2019 11:22:16 +0600</pubDate>
      <guid>http://localhost:1313/vex/examplesite/products/product-2/</guid>
>>>>>>> 89d4d88 ( config tom changement tnd et logo)
      <description>&lt;p&gt;Apple Watch is a line of smartwatches produced by Apple Inc. It incorporates fitness tracking and health-oriented capabilities with integration with iOS and other Apple products and services.&lt;/p&gt;</description>
    </item>
    <item>
      <title>Meilleur bracelet de montre dans votre budget</title>
<<<<<<< HEAD
      <link>http://localhost:1313/old/blog/post-3/</link>
      <pubDate>Thu, 17 Oct 2019 11:22:16 +0600</pubDate>
      <guid>http://localhost:1313/old/blog/post-3/</guid>
=======
      <link>http://localhost:1313/vex/examplesite/blog/post-3/</link>
      <pubDate>Thu, 17 Oct 2019 11:22:16 +0600</pubDate>
      <guid>http://localhost:1313/vex/examplesite/blog/post-3/</guid>
>>>>>>> 89d4d88 ( config tom changement tnd et logo)
      <description>&lt;p&gt;Lorem ipsum dolor sit amet, consectetur adipiscing elit, sed do eiusmod tempor incididunt ut labore et dolore magna aliqua.&lt;/p&gt;&#xA;&lt;p&gt;Lorem ipsum dolor sit amet, consectetur adipiscing elit, sed do eiusmod tempor incididunt ut labore et dolore magna aliqua. Ut enim ad minim veniam, quis nostrud exercitation ullamco laboris nisi ut aliquip ex ea commodo consequat. Duis aute irure dolor in reprehenderit in voluptate velit esse cillum dolore eu fugiat nulla pariatur. Excepteur sint occaecat cupidatat non proident, sunt in culpa qui officia deserunt mollit anim id est laborum&lt;/p&gt;</description>
    </item>
    <item>
      <title>Motorola Watch</title>
<<<<<<< HEAD
      <link>http://localhost:1313/old/products/product-4/</link>
      <pubDate>Thu, 17 Oct 2019 11:22:16 +0600</pubDate>
      <guid>http://localhost:1313/old/products/product-4/</guid>
=======
      <link>http://localhost:1313/vex/examplesite/products/product-4/</link>
      <pubDate>Thu, 17 Oct 2019 11:22:16 +0600</pubDate>
      <guid>http://localhost:1313/vex/examplesite/products/product-4/</guid>
>>>>>>> 89d4d88 ( config tom changement tnd et logo)
      <description>&lt;p&gt;Apple Watch is a line of smartwatches produced by Apple Inc. It incorporates fitness tracking and health-oriented capabilities with integration with iOS and other Apple products and services.&lt;/p&gt;</description>
    </item>
    <item>
      <title>OnePlus Watch</title>
<<<<<<< HEAD
      <link>http://localhost:1313/old/products/product-7/</link>
      <pubDate>Thu, 17 Oct 2019 11:22:16 +0600</pubDate>
      <guid>http://localhost:1313/old/products/product-7/</guid>
=======
      <link>http://localhost:1313/vex/examplesite/products/product-7/</link>
      <pubDate>Thu, 17 Oct 2019 11:22:16 +0600</pubDate>
      <guid>http://localhost:1313/vex/examplesite/products/product-7/</guid>
>>>>>>> 89d4d88 ( config tom changement tnd et logo)
      <description>&lt;p&gt;Apple Watch is a line of smartwatches produced by Apple Inc. It incorporates fitness tracking and health-oriented capabilities with integration with iOS and other Apple products and services.&lt;/p&gt;</description>
    </item>
    <item>
      <title>Oppo Watch</title>
<<<<<<< HEAD
      <link>http://localhost:1313/old/products/product-8/</link>
      <pubDate>Thu, 17 Oct 2019 11:22:16 +0600</pubDate>
      <guid>http://localhost:1313/old/products/product-8/</guid>
=======
      <link>http://localhost:1313/vex/examplesite/products/product-8/</link>
      <pubDate>Thu, 17 Oct 2019 11:22:16 +0600</pubDate>
      <guid>http://localhost:1313/vex/examplesite/products/product-8/</guid>
>>>>>>> 89d4d88 ( config tom changement tnd et logo)
      <description>&lt;p&gt;Apple Watch is a line of smartwatches produced by Apple Inc. It incorporates fitness tracking and health-oriented capabilities with integration with iOS and other Apple products and services.&lt;/p&gt;</description>
    </item>
    <item>
      <title>Pourquoi acheter une montre intelligente.</title>
<<<<<<< HEAD
      <link>http://localhost:1313/old/blog/post-2/</link>
      <pubDate>Thu, 17 Oct 2019 11:22:16 +0600</pubDate>
      <guid>http://localhost:1313/old/blog/post-2/</guid>
=======
      <link>http://localhost:1313/vex/examplesite/blog/post-2/</link>
      <pubDate>Thu, 17 Oct 2019 11:22:16 +0600</pubDate>
      <guid>http://localhost:1313/vex/examplesite/blog/post-2/</guid>
>>>>>>> 89d4d88 ( config tom changement tnd et logo)
      <description>&lt;p&gt;Lorem ipsum dolor sit amet, consectetur adipiscing elit, sed do eiusmod tempor incididunt ut labore et dolore magna aliqua.&lt;/p&gt;&#xA;&lt;p&gt;Lorem ipsum dolor sit amet, consectetur adipiscing elit, sed do eiusmod tempor incididunt ut labore et dolore magna aliqua. Ut enim ad minim veniam, quis nostrud exercitation ullamco laboris nisi ut aliquip ex ea commodo consequat. Duis aute irure dolor in reprehenderit in voluptate velit esse cillum dolore eu fugiat nulla pariatur. Excepteur sint occaecat cupidatat non proident, sunt in culpa qui officia deserunt mollit anim id est laborum&lt;/p&gt;</description>
    </item>
    <item>
      <title>Realme Watch</title>
<<<<<<< HEAD
      <link>http://localhost:1313/old/products/product-6/</link>
      <pubDate>Thu, 17 Oct 2019 11:22:16 +0600</pubDate>
      <guid>http://localhost:1313/old/products/product-6/</guid>
=======
      <link>http://localhost:1313/vex/examplesite/products/product-6/</link>
      <pubDate>Thu, 17 Oct 2019 11:22:16 +0600</pubDate>
      <guid>http://localhost:1313/vex/examplesite/products/product-6/</guid>
>>>>>>> 89d4d88 ( config tom changement tnd et logo)
      <description>&lt;p&gt;Apple Watch is a line of smartwatches produced by Apple Inc. It incorporates fitness tracking and health-oriented capabilities with integration with iOS and other Apple products and services.&lt;/p&gt;</description>
    </item>
    <item>
      <title>Redmi Watch</title>
<<<<<<< HEAD
      <link>http://localhost:1313/old/products/product-5/</link>
      <pubDate>Thu, 17 Oct 2019 11:22:16 +0600</pubDate>
      <guid>http://localhost:1313/old/products/product-5/</guid>
=======
      <link>http://localhost:1313/vex/examplesite/products/product-5/</link>
      <pubDate>Thu, 17 Oct 2019 11:22:16 +0600</pubDate>
      <guid>http://localhost:1313/vex/examplesite/products/product-5/</guid>
>>>>>>> 89d4d88 ( config tom changement tnd et logo)
      <description>&lt;p&gt;Apple Watch is a line of smartwatches produced by Apple Inc. It incorporates fitness tracking and health-oriented capabilities with integration with iOS and other Apple products and services.&lt;/p&gt;</description>
    </item>
    <item>
      <title>Regardez ça compte</title>
<<<<<<< HEAD
      <link>http://localhost:1313/old/blog/post-4/</link>
      <pubDate>Thu, 17 Oct 2019 11:22:16 +0600</pubDate>
      <guid>http://localhost:1313/old/blog/post-4/</guid>
=======
      <link>http://localhost:1313/vex/examplesite/blog/post-4/</link>
      <pubDate>Thu, 17 Oct 2019 11:22:16 +0600</pubDate>
      <guid>http://localhost:1313/vex/examplesite/blog/post-4/</guid>
>>>>>>> 89d4d88 ( config tom changement tnd et logo)
      <description>&lt;p&gt;Lorem ipsum dolor sit amet, consectetur adipiscing elit, sed do eiusmod tempor incididunt ut labore et dolore magna aliqua.&lt;/p&gt;&#xA;&lt;p&gt;Lorem ipsum dolor sit amet, consectetur adipiscing elit, sed do eiusmod tempor incididunt ut labore et dolore magna aliqua. Ut enim ad minim veniam, quis nostrud exercitation ullamco laboris nisi ut aliquip ex ea commodo consequat. Duis aute irure dolor in reprehenderit in voluptate velit esse cillum dolore eu fugiat nulla pariatur. Excepteur sint occaecat cupidatat non proident, sunt in culpa qui officia deserunt mollit anim id est laborum&lt;/p&gt;</description>
    </item>
    <item>
      <title>Xiaomi Watch</title>
<<<<<<< HEAD
      <link>http://localhost:1313/old/products/product-3/</link>
      <pubDate>Thu, 17 Oct 2019 11:22:16 +0600</pubDate>
      <guid>http://localhost:1313/old/products/product-3/</guid>
=======
      <link>http://localhost:1313/vex/examplesite/products/product-3/</link>
      <pubDate>Thu, 17 Oct 2019 11:22:16 +0600</pubDate>
      <guid>http://localhost:1313/vex/examplesite/products/product-3/</guid>
>>>>>>> 89d4d88 ( config tom changement tnd et logo)
      <description>&lt;p&gt;Apple Watch is a line of smartwatches produced by Apple Inc. It incorporates fitness tracking and health-oriented capabilities with integration with iOS and other Apple products and services.&lt;/p&gt;</description>
    </item>
    <item>
>>>>>>> 6087535b5a16667ef57b954fb42c183b73307fca
      <title>Checkout</title>
      <link>http://localhost:1313/vex/examplesite/checkout/</link>
      <pubDate>Mon, 01 Jan 0001 00:00:00 +0000</pubDate>
      <guid>http://localhost:1313/vex/examplesite/checkout/</guid>
      <description>&lt;div id=&#34;checkout-app&#34;&gt;&lt;/div&gt;</description>
    </item>
  </channel>
</rss>
