<?xml version="1.0" encoding="utf-8" standalone="yes"?>
<rss version="2.0" xmlns:atom="http://www.w3.org/2005/Atom">
  <channel>
<<<<<<< HEAD
    <title>Nos Derniers Articles on Vex | hugo landing page template</title>
    <link>http://localhost:1313/blog/</link>
    <description>Recent content in Nos Derniers Articles on Vex | hugo landing page template</description>
    <generator>Hugo</generator>
    <language>fr</language>
    <lastBuildDate>Sat, 12 Apr 2025 14:00:00 +0600</lastBuildDate>
    <atom:link href="http://localhost:1313/blog/index.xml" rel="self" type="application/rss+xml" />
    <item>
      <title>Pourquoi Choisir des Créations en Verre Fusing : Un Investissement Durable et Unique</title>
      <link>http://localhost:1313/blog/post-3/</link>
      <pubDate>Sat, 12 Apr 2025 14:00:00 +0600</pubDate>
      <guid>http://localhost:1313/blog/post-3/</guid>
      <description>&lt;p&gt;L&amp;rsquo;achat d&amp;rsquo;objets artisanaux, comme les créations en verre fusing et verre Murano, n&amp;rsquo;est pas seulement un choix esthétique, c&amp;rsquo;est aussi un investissement durable qui peut prendre de la valeur avec le temps. Dans cet article, nous vous expliquerons pourquoi il est judicieux de privilégier ces pièces uniques et comment elles peuvent devenir des trésors de famille.&lt;/p&gt;</description>
    </item>
    <item>
      <title>Le Verre Murano : L&#39;Excellence Artisanale au Service de vos Créations en Verre</title>
      <link>http://localhost:1313/blog/post-2/</link>
      <pubDate>Sat, 12 Apr 2025 12:00:00 +0600</pubDate>
      <guid>http://localhost:1313/blog/post-2/</guid>
      <description>&lt;p&gt;Le verre Murano est l&amp;rsquo;un des matériaux les plus prisés dans le monde de l&amp;rsquo;artisanat du verre. Fabriqué à la main sur l&amp;rsquo;île de Murano, près de Venise, ce verre est reconnu pour sa transparence, sa beauté et sa durabilité exceptionnelles. Dans cet article, nous explorerons les caractéristiques uniques du verre Murano et pourquoi il est idéal pour vos créations en verre fusing.&lt;/p&gt;</description>
    </item>
    <item>
      <title>Les Assiettes en Verre Fusing : L&#39;Art de Sublimer la Table avec un Artisanat Unique</title>
      <link>http://localhost:1313/blog/post-1/</link>
      <pubDate>Sat, 12 Apr 2025 11:30:00 +0600</pubDate>
      <guid>http://localhost:1313/blog/post-1/</guid>
      <description>&lt;p&gt;Les assiettes en verre fusing sont bien plus que des simples objets utilitaires ; elles sont de véritables œuvres d&amp;rsquo;art qui apportent une touche unique à chaque table. Grâce à la technique du fusing, ces assiettes sont créées par la fusion de plusieurs morceaux de verre sous une chaleur intense, donnant ainsi naissance à des designs originaux et raffinés.&lt;/p&gt;</description>
    </item>
    <item>
      <title>Comment choisir le verre idéal pour vos créations en fusing</title>
      <link>http://localhost:1313/blog/post-4/</link>
      <pubDate>Sat, 12 Apr 2025 11:22:16 +0600</pubDate>
      <guid>http://localhost:1313/blog/post-4/</guid>
      <description>&lt;p&gt;Le fusing est une technique artisanale du verre où deux ou plusieurs morceaux de verre sont fusionnés ensemble sous haute température pour créer des formes, des couleurs et des textures uniques. Si vous êtes passionné par l&amp;rsquo;art du verre, il est crucial de comprendre les différents types de verre que vous pouvez utiliser pour obtenir les meilleurs résultats dans vos créations.&lt;/p&gt;</description>
=======
    <title>Our Latest Post on Vex | hugo landing page template</title>
    <link>http://localhost:1313/vex/examplesite/blog/</link>
    <description>Recent content in Our Latest Post on Vex | hugo landing page template</description>
    <generator>Hugo</generator>
    <language>fr</language>
    <lastBuildDate>Thu, 17 Oct 2019 11:22:16 +0600</lastBuildDate>
    <atom:link href="http://localhost:1313/vex/examplesite/blog/index.xml" rel="self" type="application/rss+xml" />
    <item>
      <title>Comment choisir la bonne montre pour vous.</title>
      <link>http://localhost:1313/vex/examplesite/blog/post-1/</link>
      <pubDate>Thu, 17 Oct 2019 11:22:16 +0600</pubDate>
      <guid>http://localhost:1313/vex/examplesite/blog/post-1/</guid>
      <description>&lt;p&gt;Lorem ipsum dolor sit amet, consectetur adipiscing elit, sed do eiusmod tempor incididunt ut labore et dolore magna aliqua.&lt;/p&gt;&#xA;&lt;p&gt;Lorem ipsum dolor sit amet, consectetur adipiscing elit, sed do eiusmod tempor incididunt ut labore et dolore magna aliqua. Ut enim ad minim veniam, quis nostrud exercitation ullamco laboris nisi ut aliquip ex ea commodo consequat. Duis aute irure dolor in reprehenderit in voluptate velit esse cillum dolore eu fugiat nulla pariatur. Excepteur sint occaecat cupidatat non proident, sunt in culpa qui officia deserunt mollit anim id est laborum&lt;/p&gt;</description>
    </item>
    <item>
      <title>Meilleur bracelet de montre dans votre budget</title>
      <link>http://localhost:1313/vex/examplesite/blog/post-3/</link>
      <pubDate>Thu, 17 Oct 2019 11:22:16 +0600</pubDate>
      <guid>http://localhost:1313/vex/examplesite/blog/post-3/</guid>
      <description>&lt;p&gt;Lorem ipsum dolor sit amet, consectetur adipiscing elit, sed do eiusmod tempor incididunt ut labore et dolore magna aliqua.&lt;/p&gt;&#xA;&lt;p&gt;Lorem ipsum dolor sit amet, consectetur adipiscing elit, sed do eiusmod tempor incididunt ut labore et dolore magna aliqua. Ut enim ad minim veniam, quis nostrud exercitation ullamco laboris nisi ut aliquip ex ea commodo consequat. Duis aute irure dolor in reprehenderit in voluptate velit esse cillum dolore eu fugiat nulla pariatur. Excepteur sint occaecat cupidatat non proident, sunt in culpa qui officia deserunt mollit anim id est laborum&lt;/p&gt;</description>
    </item>
    <item>
      <title>Pourquoi acheter une montre intelligente.</title>
      <link>http://localhost:1313/vex/examplesite/blog/post-2/</link>
      <pubDate>Thu, 17 Oct 2019 11:22:16 +0600</pubDate>
      <guid>http://localhost:1313/vex/examplesite/blog/post-2/</guid>
      <description>&lt;p&gt;Lorem ipsum dolor sit amet, consectetur adipiscing elit, sed do eiusmod tempor incididunt ut labore et dolore magna aliqua.&lt;/p&gt;&#xA;&lt;p&gt;Lorem ipsum dolor sit amet, consectetur adipiscing elit, sed do eiusmod tempor incididunt ut labore et dolore magna aliqua. Ut enim ad minim veniam, quis nostrud exercitation ullamco laboris nisi ut aliquip ex ea commodo consequat. Duis aute irure dolor in reprehenderit in voluptate velit esse cillum dolore eu fugiat nulla pariatur. Excepteur sint occaecat cupidatat non proident, sunt in culpa qui officia deserunt mollit anim id est laborum&lt;/p&gt;</description>
    </item>
    <item>
      <title>Regardez ça compte</title>
      <link>http://localhost:1313/vex/examplesite/blog/post-4/</link>
      <pubDate>Thu, 17 Oct 2019 11:22:16 +0600</pubDate>
      <guid>http://localhost:1313/vex/examplesite/blog/post-4/</guid>
      <description>&lt;p&gt;Lorem ipsum dolor sit amet, consectetur adipiscing elit, sed do eiusmod tempor incididunt ut labore et dolore magna aliqua.&lt;/p&gt;&#xA;&lt;p&gt;Lorem ipsum dolor sit amet, consectetur adipiscing elit, sed do eiusmod tempor incididunt ut labore et dolore magna aliqua. Ut enim ad minim veniam, quis nostrud exercitation ullamco laboris nisi ut aliquip ex ea commodo consequat. Duis aute irure dolor in reprehenderit in voluptate velit esse cillum dolore eu fugiat nulla pariatur. Excepteur sint occaecat cupidatat non proident, sunt in culpa qui officia deserunt mollit anim id est laborum&lt;/p&gt;</description>
>>>>>>> 89d4d88 ( config tom changement tnd et logo)
    </item>
  </channel>
</rss>
