<?xml version="1.0" encoding="utf-8" standalone="yes"?>
<rss version="2.0" xmlns:atom="http://www.w3.org/2005/Atom">
  <channel>
    <title>Tags on Vex | hugo landing page template</title>
    <link>http://localhost:1313/vex/examplesite/tags/</link>
    <description>Recent content in Tags on Vex | hugo landing page template</description>
    <generator>Hugo</generator>
    <language>en-us</language>
    <atom:link href="http://localhost:1313/vex/examplesite/tags/index.xml" rel="self" type="application/rss+xml" />
  </channel>
</rss>
