<?xml version="1.0" encoding="utf-8" standalone="yes"?>
<rss version="2.0" xmlns:atom="http://www.w3.org/2005/Atom">
  <channel>
    <title>Nos Créations en Verre Fusing on Vex | hugo landing page template</title>
    <link>http://localhost:1313/products/</link>
    <description>Recent content in Nos Créations en Verre Fusing on Vex | hugo landing page template</description>
    <generator>Hugo</generator>
    <language>fr</language>
    <lastBuildDate>Sat, 12 Apr 2025 14:00:00 +0600</lastBuildDate>
    <atom:link href="http://localhost:1313/products/index.xml" rel="self" type="application/rss+xml" />
    <item>
      <title>Assiette en Verre Fusing Artisanale</title>
      <link>http://localhost:1313/products/product-1/</link>
      <pubDate>Sat, 12 Apr 2025 14:00:00 +0600</pubDate>
      <guid>http://localhost:1313/products/product-1/</guid>
      <description>&lt;h3 id=&#34;assiette-en-verre-fusing-artisanale&#34;&gt;&lt;strong&gt;Assiette en Verre Fusing Artisanale&lt;/strong&gt;&lt;/h3&gt;&#xA;&lt;p&gt;Ajoutez une touche élégante à votre table avec notre &lt;strong&gt;assiette en verre fusing artisanale&lt;/strong&gt;, réalisée à la main avec une technique de fusion du verre méticuleusement maîtrisée. Chaque pièce est unique, ce qui en fait une œuvre d&amp;rsquo;art en soi, idéale pour les repas spéciaux ou pour offrir en cadeau.&lt;/p&gt;</description>
    </item>
    <item>
      <title>Assiette en Verre Fusing Artisanale</title>
      <link>http://localhost:1313/products/product-2/</link>
      <pubDate>Sat, 12 Apr 2025 14:00:00 +0600</pubDate>
      <guid>http://localhost:1313/products/product-2/</guid>
      <description>&lt;h3 id=&#34;assiette-en-verre-fusing-artisanale&#34;&gt;&lt;strong&gt;Assiette en Verre Fusing Artisanale&lt;/strong&gt;&lt;/h3&gt;&#xA;&lt;p&gt;Ajoutez une touche élégante à votre table avec notre &lt;strong&gt;assiette en verre fusing artisanale&lt;/strong&gt;, réalisée à la main avec une technique de fusion du verre méticuleusement maîtrisée. Chaque pièce est unique, ce qui en fait une œuvre d&amp;rsquo;art en soi, idéale pour les repas spéciaux ou pour offrir en cadeau.&lt;/p&gt;</description>
    </item>
    <item>
      <title>Assiette en Verre Fusing Artisanale</title>
      <link>http://localhost:1313/products/product-3/</link>
      <pubDate>Sat, 12 Apr 2025 14:00:00 +0600</pubDate>
      <guid>http://localhost:1313/products/product-3/</guid>
      <description>&lt;h3 id=&#34;assiette-en-verre-fusing-artisanale&#34;&gt;&lt;strong&gt;Assiette en Verre Fusing Artisanale&lt;/strong&gt;&lt;/h3&gt;&#xA;&lt;p&gt;Ajoutez une touche élégante à votre table avec notre &lt;strong&gt;assiette en verre fusing artisanale&lt;/strong&gt;, réalisée à la main avec une technique de fusion du verre méticuleusement maîtrisée. Chaque pièce est unique, ce qui en fait une œuvre d&amp;rsquo;art en soi, idéale pour les repas spéciaux ou pour offrir en cadeau.&lt;/p&gt;</description>
    </item>
    <item>
      <title>Assiette en Verre Fusing Artisanale</title>
      <link>http://localhost:1313/products/product-4/</link>
      <pubDate>Sat, 12 Apr 2025 14:00:00 +0600</pubDate>
      <guid>http://localhost:1313/products/product-4/</guid>
      <description>&lt;h3 id=&#34;assiette-en-verre-fusing-artisanale&#34;&gt;&lt;strong&gt;Assiette en Verre Fusing Artisanale&lt;/strong&gt;&lt;/h3&gt;&#xA;&lt;p&gt;Ajoutez une touche élégante à votre table avec notre &lt;strong&gt;assiette en verre fusing artisanale&lt;/strong&gt;, réalisée à la main avec une technique de fusion du verre méticuleusement maîtrisée. Chaque pièce est unique, ce qui en fait une œuvre d&amp;rsquo;art en soi, idéale pour les repas spéciaux ou pour offrir en cadeau.&lt;/p&gt;</description>
    </item>
    <item>
      <title>Assiette en Verre Fusing Artisanale</title>
      <link>http://localhost:1313/products/product-5/</link>
      <pubDate>Sat, 12 Apr 2025 14:00:00 +0600</pubDate>
      <guid>http://localhost:1313/products/product-5/</guid>
      <description>&lt;h3 id=&#34;assiette-en-verre-fusing-artisanale&#34;&gt;&lt;strong&gt;Assiette en Verre Fusing Artisanale&lt;/strong&gt;&lt;/h3&gt;&#xA;&lt;p&gt;Ajoutez une touche élégante à votre table avec notre &lt;strong&gt;assiette en verre fusing artisanale&lt;/strong&gt;, réalisée à la main avec une technique de fusion du verre méticuleusement maîtrisée. Chaque pièce est unique, ce qui en fait une œuvre d&amp;rsquo;art en soi, idéale pour les repas spéciaux ou pour offrir en cadeau.&lt;/p&gt;</description>
    </item>
    <item>
      <title>Assiette en Verre Fusing Artisanale</title>
      <link>http://localhost:1313/products/product-6/</link>
      <pubDate>Sat, 12 Apr 2025 14:00:00 +0600</pubDate>
      <guid>http://localhost:1313/products/product-6/</guid>
      <description>&lt;h3 id=&#34;assiette-en-verre-fusing-artisanale&#34;&gt;&lt;strong&gt;Assiette en Verre Fusing Artisanale&lt;/strong&gt;&lt;/h3&gt;&#xA;&lt;p&gt;Ajoutez une touche élégante à votre table avec notre &lt;strong&gt;assiette en verre fusing artisanale&lt;/strong&gt;, réalisée à la main avec une technique de fusion du verre méticuleusement maîtrisée. Chaque pièce est unique, ce qui en fait une œuvre d&amp;rsquo;art en soi, idéale pour les repas spéciaux ou pour offrir en cadeau.&lt;/p&gt;</description>
    </item>
    <item>
      <title>Assiette en Verre Fusing Artisanale</title>
      <link>http://localhost:1313/products/product-7/</link>
      <pubDate>Sat, 12 Apr 2025 14:00:00 +0600</pubDate>
      <guid>http://localhost:1313/products/product-7/</guid>
      <description>&lt;h3 id=&#34;assiette-en-verre-fusing-artisanale&#34;&gt;&lt;strong&gt;Assiette en Verre Fusing Artisanale&lt;/strong&gt;&lt;/h3&gt;&#xA;&lt;p&gt;Ajoutez une touche élégante à votre table avec notre &lt;strong&gt;assiette en verre fusing artisanale&lt;/strong&gt;, réalisée à la main avec une technique de fusion du verre méticuleusement maîtrisée. Chaque pièce est unique, ce qui en fait une œuvre d&amp;rsquo;art en soi, idéale pour les repas spéciaux ou pour offrir en cadeau.&lt;/p&gt;</description>
    </item>
    <item>
      <title>Assiette en Verre Fusing Artisanale</title>
      <link>http://localhost:1313/products/product-8/</link>
      <pubDate>Sat, 12 Apr 2025 14:00:00 +0600</pubDate>
      <guid>http://localhost:1313/products/product-8/</guid>
      <description>&lt;h3 id=&#34;assiette-en-verre-fusing-artisanale&#34;&gt;&lt;strong&gt;Assiette en Verre Fusing Artisanale&lt;/strong&gt;&lt;/h3&gt;&#xA;&lt;p&gt;Ajoutez une touche élégante à votre table avec notre &lt;strong&gt;assiette en verre fusing artisanale&lt;/strong&gt;, réalisée à la main avec une technique de fusion du verre méticuleusement maîtrisée. Chaque pièce est unique, ce qui en fait une œuvre d&amp;rsquo;art en soi, idéale pour les repas spéciaux ou pour offrir en cadeau.&lt;/p&gt;</description>
    </item>
  </channel>
</rss>
